Label,# Samples,Average,Min,Max,Std. Dev.,Error %,Throughput,Received KB/sec,Sent KB/sec,Avg. Bytes
Home,5,18,10,40,11.19,0.000%,4.70367,41.88,0.69,9118.0
Login,5,33,29,44,5.49,0.000%,4.73934,48.36,4.76,10449.4
List Products,5,26,22,33,4.07,0.000%,4.84027,507.09,3.67,107280.2
Look at Product,5,40,34,44,3.85,0.000%,4.82160,428.28,3.59,90956.6
Add Product to Cart,5,49,42,58,5.18,0.000%,4.76190,117.08,8.12,25176.8
List Products with different page,5,27,25,31,2.04,0.000%,4.85909,509.16,4.28,107299.6
Add Product 2 to Cart,5,45,39,51,4.40,0.000%,4.75285,120.06,9.24,25866.6
Logout,5,20,19,22,1.17,0.000%,4.86381,51.41,8.71,10823.0
TOTAL,40,32,10,58,11.89,0.000%,30.44140,1437.98,34.14,48371.3
