Label,# Samples,Average,Min,Max,Std. Dev.,Error %,Throughput,Received KB/sec,Sent KB/sec,Avg. Bytes
Home,5,51,24,93,24.53,0.000%,.55835,4.97,0.08,9118.0
Login,5,398,63,1628,615.28,0.000%,.56016,5.72,0.56,10448.8
List Products,5,149,60,270,96.38,0.000%,.67879,76.05,0.51,114732.2
Look at Product,5,462,92,1729,634.32,0.000%,.69560,71.53,0.52,105300.8
Add Product to Cart,5,415,143,1440,512.24,0.000%,.88905,24.07,1.52,27727.8
List Products with different page,5,233,199,316,42.94,0.000%,1.14051,126.69,1.00,113746.0
Add Product 2 to Cart,5,176,147,211,26.78,0.000%,1.16171,32.10,2.26,28298.2
Logout,5,59,52,87,13.69,0.000%,1.20395,12.72,2.16,10823.0
TOTAL,40,243,24,1729,394.01,0.000%,4.10467,210.54,4.60,52524.3
